﻿<?xml version="1.0" encoding="utf-8" ?>
<root>
  <deviceinfo portName="COM3" baudRate="9600" StopBits="1" Parity="无"></deviceinfo>
  <mqttinfo  SleepTime="2000" serverIP="127.0.0.1" Port="1883" userName="admin" Password="123456" PublishTopic="bbb" SubscribeTopic="aaa"></mqttinfo>
  <deviceData >
    <deviceItem name="var1" deviceid="1" code="3" deviceaddress="100" ></deviceItem>
    <deviceItem name="var2" deviceid="1" code="3" deviceaddress="101" ></deviceItem>
    <deviceItem name="var3" deviceid="1" code="3" deviceaddress="102" ></deviceItem>
    <deviceItem name="var4" deviceid="1" code="3" deviceaddress="103" ></deviceItem>
    <deviceItem name="var5" deviceid="1" code="3" deviceaddress="104" ></deviceItem>
    <deviceItem name="var6" deviceid="1" code="3" deviceaddress="105" ></deviceItem>
    <deviceItem name="var7" deviceid="1" code="3" deviceaddress="106" ></deviceItem>
    <deviceItem name="var8" deviceid="1" code="3" deviceaddress="107" ></deviceItem>
  </deviceData>
  <SendCmd>
    <cmdItem name="var1" deviceid="1" code="3" deviceaddress="100"></cmdItem>
    <cmdItem name="var2" deviceid="1" code="3" deviceaddress="100"></cmdItem>
  </SendCmd>
</root>
